Datetime,Water Level (m)
2026-10-05 06:00:00,0.33922237
2026-10-05 07:00:00,0.25898346
2026-10-05 08:00:00,0.18013814
2026-10-05 09:00:00,0.10677633
2026-10-05 10:00:00,0.041682176
2026-10-05 11:00:00,0.004228963
2026-10-05 12:00:00,0.0245186
2026-10-05 13:00:00,0.12398789
2026-10-05 14:00:00,0.23345348
2026-10-05 15:00:00,0.3130922
2026-10-05 16:00:00,0.3747869
2026-10-05 17:00:00,0.3919644
2026-10-05 18:00:00,0.35596073
2026-10-05 19:00:00,0.2781073
2026-10-05 20:00:00,0.2003483
2026-10-05 21:00:00,0.12868269
2026-10-05 22:00:00,0.06300092
2026-10-05 23:00:00,0.020423913
2026-10-06 00:00:00,0.03829227
2026-10-06 01:00:00,0.14366163
2026-10-06 02:00:00,0.26510626
2026-10-06 03:00:00,0.389386
2026-10-06 04:00:00,0.50514483
2026-10-06 05:00:00,0.5576942
2026-10-06 06:00:00,0.53281146
2026-10-06 07:00:00,0.47501907
2026-10-06 08:00:00,0.3791657
2026-10-06 09:00:00,0.29187137
2026-10-06 10:00:00,0.20549284
2026-10-06 11:00:00,0.12704521
2026-10-06 12:00:00,0.064992204
2026-10-06 13:00:00,0.067400604
2026-10-06 14:00:00,0.17241055
2026-10-06 15:00:00,0.29804692
2026-10-06 16:00:00,0.41203454
2026-10-06 17:00:00,0.527914
2026-10-06 18:00:00,0.5287567
2026-10-06 19:00:00,0.4998833
2026-10-06 20:00:00,0.4166479
2026-10-06 21:00:00,0.32574287
2026-10-06 22:00:00,0.24289513
2026-10-06 23:00:00,0.16353013
2026-10-07 00:00:00,0.095124066
2026-10-07 01:00:00,0.07259261
2026-10-07 02:00:00,0.16813624
2026-10-07 03:00:00,0.31604233
2026-10-07 04:00:00,0.4810963
2026-10-07 05:00:00,0.60197407
2026-10-07 06:00:00,0.6595569
2026-10-07 07:00:00,0.6255552
2026-10-07 08:00:00,0.5507492
2026-10-07 09:00:00,0.4519923
2026-10-07 10:00:00,0.3614943
2026-10-07 11:00:00,0.27328146
2026-10-07 12:00:00,0.19055201
2026-10-07 13:00:00,0.12300607
2026-10-07 14:00:00,0.12927575
2026-10-07 15:00:00,0.2550014
2026-10-07 16:00:00,0.40432253
2026-10-07 17:00:00,0.5866823
2026-10-07 18:00:00,0.67839074
2026-10-07 19:00:00,0.69892627
2026-10-07 20:00:00,0.63539726
2026-10-07 21:00:00,0.5420104
2026-10-07 22:00:00,0.44970074
2026-10-07 23:00:00,0.3635573
2026-10-08 00:00:00,0.2796224
2026-10-08 01:00:00,0.20606855
2026-10-08 02:00:00,0.17745398
2026-10-08 03:00:00,0.27681455
2026-10-08 04:00:00,0.44888595
2026-10-08 05:00:00,0.64796436
2026-10-08 06:00:00,0.7560924
2026-10-08 07:00:00,0.8054449
2026-10-08 08:00:00,0.7511323
2026-10-08 09:00:00,0.65660864
2026-10-08 10:00:00,0.5729499
2026-10-08 11:00:00,0.48522505
2026-10-08 12:00:00,0.39916113
2026-10-08 13:00:00,0.3198616
2026-10-08 14:00:00,0.260879
2026-10-08 15:00:00,0.28986382
2026-10-08 16:00:00,0.44530618
2026-10-08 17:00:00,0.66728145
2026-10-08 18:00:00,0.8089996
2026-10-08 19:00:00,0.89431745
2026-10-08 20:00:00,0.89295423
2026-10-08 21:00:00,0.7932822
2026-10-08 22:00:00,0.706928
2026-10-08 23:00:00,0.62606454
2026-10-09 00:00:00,0.536955
2026-10-09 01:00:00,0.45249784
2026-10-09 02:00:00,0.37911147
2026-10-09 03:00:00,0.36394578
2026-10-09 04:00:00,0.48130065
2026-10-09 05:00:00,0.6914289
2026-10-09 06:00:00,0.86381567
2026-10-09 07:00:00,0.9594597
2026-10-09 08:00:00,0.97397053
2026-10-09 09:00:00,0.8780069
2026-10-09 10:00:00,0.79217255
2026-10-09 11:00:00,0.7124197
2026-10-09 12:00:00,0.6239506
2026-10-09 13:00:00,0.5381139
2026-10-09 14:00:00,0.45798707
2026-10-09 15:00:00,0.4112081
2026-10-09 16:00:00,0.48660994
2026-10-09 17:00:00,0.674872
2026-10-09 18:00:00,0.8984327
2026-10-09 19:00:00,1.0153428
2026-10-09 20:00:00,1.0740291
2026-10-09 21:00:00,1.0202307
2026-10-09 22:00:00,0.914262
2026-10-09 23:00:00,0.8305263
2026-10-10 00:00:00,0.7517235
2026-10-10 01:00:00,0.6601585
2026-10-10 02:00:00,0.5741593
2026-10-10 03:00:00,0.505243
2026-10-10 04:00:00,0.5224037
2026-10-10 05:00:00,0.6751347
2026-10-10 06:00:00,0.90884703
2026-10-10 07:00:00,1.0332547
2026-10-10 08:00:00,1.0936459
2026-10-10 09:00:00,1.0490605
2026-10-10 10:00:00,0.945269
2026-10-10 11:00:00,0.86626273
2026-10-10 12:00:00,0.78635836
2026-10-10 13:00:00,0.69682217
2026-10-10 14:00:00,0.60788614
2026-10-10 15:00:00,0.5329581
2026-10-10 16:00:00,0.5232914
2026-10-10 17:00:00,0.65070164
2026-10-10 18:00:00,0.8957947
2026-10-10 19:00:00,1.0534352
2026-10-10 20:00:00,1.14777
2026-10-10 21:00:00,1.1623442
2026-10-10 22:00:00,1.056113
2026-10-10 23:00:00,0.9688544
2026-10-11 00:00:00,0.8839254
2026-10-11 01:00:00,0.802903
2026-10-11 02:00:00,0.71158975
2026-10-11 03:00:00,0.6255249
2026-10-11 04:00:00,0.5752614
2026-10-11 05:00:00,0.64019054
2026-10-11 06:00:00,0.81115705
